Alcaraz,1
Chardy,
Muller,
Rinderknech,
Kubler,
Humbert,
Cecchinato,
Jarry,25
Zverev,19
Brouwer,Q
Huesler,
Watanuki,LL
Berrettini,
Sonego,
Coppejans,Q
De_Minaur,15
Tiafoe,10
Wu,
Stricker,Q
Popyrin,
Ivashka,
Coria,
Shimabukuro,Q
Dimitrov,21
Davidovich_Fokina,31
Fils,WC
Zhang_Zhizhen,
Van_De_Zandschulp,
Arnaldi,Q
Carballes_Baena,
Loffhagen,WC
Rune,6
Medvedev,3
Fery,WC
Mannarino,
Shevchenko,
Giron,
Dellien,
Fucsovics,
Griekspoor,28
Cerundolo_Francisco,18
Borges,
Lehecka,
Ofner,WC
Raonic,
Novak,Q
Mochizuki,Q
Paul,16
Norrie,12
Machac,Q
Eubanks,
Monteiro,
OConnell,
Medjedovic,Q
Vesely,
Korda,22
Shelton,32
Daniel,LL
Cressy,
Djere,
Peniston,WC
Murray_Andy,
Thiem,
Tsitsipas,5
Sinner,8
Cerundolo_Juan,
Kecmanovic,
Schwartzman,
Vukic,
Altmaier,
Halys,
Evans,27
Nishioka,24
Galan,
Koepfer,
Otte,Q
Ymer_Mikael,
Molcan,
Hanfmann,
Fritz,9
Coric,13
Pella,
Bonzi,
Mayot,Q
Moutet,
Gasquet,
Safiullin,
Bautista_Agut,20
Shapovalov,26
Albot,Q
Harris,
Barrere,
Broady,WC
Lestienne,
Lokoli,Q
Ruud,4
Rublev,7
Purcell,
Van_Assche,
Karatsev,
Baez,
Vera,Q
Goffin,WC
Marozsan,LL
Bublik,23
Mcdonald,
Wolf,
Couacaud,Q
Marterer,Q
Gojo,
Mmoh,
Auger_Aliassime,11
Musetti,14
Varillas,
Isner,
Munar,
Choinski,WC
Lajovic,
Ramos_Vinolas,
Hurkacz,17
Etcheverry,29
Zapata_Miralles,
Ruusuvuori,
Wawrinka,
Thompson,
Nakashima,
Cachin,
Djokovic,2
